วันที่รายการมีผล,เวลา ,รายการ,เลขที่เช็ค,DFEBIT,CREDIT,Balance,หมายเลข,สาขา,วันที่ทำรายการ,ช่องทาง,LABEL
07/04/2026,02:25:49,รับโอนเงินอัตโนมัติ,0,0,976376.72,1006376.72,SMC07416,999,07-เม.ย.-2569,โอนเข้า/หักบัญชีอัตโนมัติ,จาก SMART BBL X5912 YUASA BATTERY THAI++
07/04/2026,02:25:49,รับโอนเงินอัตโนมัติ,0, ,1999988,3006364.72,SMC07416,999,07-เม.ย.-2569,โอนเข้า/หักบัญชีอัตโนมัติ,จาก SMART BBL X5912 YUASA BATTERY THAI++
07/04/2026,13:32:08,รับโอนเงินอัตโนมัติ,0, ,546136.56,3552501.28,SMC07416,999,07-เม.ย.-2569,โอนเข้า/หักบัญชีอัตโนมัติ,จาก SMART BBL X3575 TEAMPLAS CHEMICAL ++
07/04/2026,22:09:02,หักบัญชีด้วยเช็ค,10000453,29884.9, ,3522616.38,CCS00041,811,07-เม.ย.-2569,โอนเข้า/หักบัญชีอัตโนมัติ,เช็คเลขที่ 10000453
08/04/2026,18:00:01,โอนเงิน,0,202800, ,3319816.38,ACM10050,898,08-เม.ย.-2569,K-Cash Connect Plus,INTERBANK TRANSFER Ref 2026040804520654
08/04/2026,18:00:01,โอนเงิน,0,103010.88, ,3216805.50,ACM10012,898,08-เม.ย.-2569,K-Cash Connect Plus,DIRECT CREDIT Ref 2026040804518737
08/04/2026,18:00:01,โอนเงิน,0,585317.82, ,2631487.68,ACM10013,898,08-เม.ย.-2569,K-Cash Connect Plus,DIRECT CREDIT Ref 2026040804518429
08/04/2026,18:00:02,โอนเงิน,0,360573.95, ,2270913.73,ACM10004,898,08-เม.ย.-2569,K-Cash Connect Plus,DIRECT CREDIT Ref 2026040804517705
08/04/2026,18:00:02,โอนเงิน,0,66641.7, ,2204272.03,ACM10013,898,08-เม.ย.-2569,K-Cash Connect Plus,DIRECT CREDIT Ref 2026040804514270
08/04/2026,21:02:14,หักบัญชีด้วยเช็ค,10000805,849529.34, ,1354742.69,CCS00041,811,08-เม.ย.-2569,โอนเข้า/หักบัญชีอัตโนมัติ,เช็คเลขที่ 10000805
09/04/2026,02:39:30,รับโอนเงินอัตโนมัติ,0, ,1045505.35,2400248.04,SMC07206,999,09-เม.ย.-2569,โอนเข้า/หักบัญชีอัตโนมัติ,จาก SMART BBL X0263 DESHENGCHANG NEW M++
09/04/2026,17:41:39,โอนเงิน,0,587405, ,1812843.04,ACM10046,898,09-เม.ย.-2569,K-Cash Connect Plus,INTERBANK TRANSFER Ref 2026040904957839
09/04/2026,17:41:40,โอนเงิน,0,518003, ,1294840.04,ACM10021,898,09-เม.ย.-2569,K-Cash Connect Plus,DIRECT CREDIT Ref 2026040904960623
09/04/2026,17:41:40,โอนเงิน,0,422041.81, ,872798.23,ACM10005,898,09-เม.ย.-2569,K-Cash Connect Plus,DIRECT CREDIT Ref 2026040904959612
09/04/2026,17:41:40,โอนเงิน,0,748325.69, ,124472.54,ACM10028,898,09-เม.ย.-2569,K-Cash Connect Plus,DIRECT CREDIT Ref 2026040904958504
10/04/2026,02:57:17,รับโอนเงินอัตโนมัติ,0, ,1804643.54,1929116.08,SMC07416,999,10-เม.ย.-2569,โอนเข้า/หักบัญชีอัตโนมัติ,จาก SMART BBL X5912 YUASA BATTERY THAI++
10/04/2026,02:57:17,รับโอนเงินอัตโนมัติ,0, ,1999988,3929104.08,SMC07416,999,10-เม.ย.-2569,โอนเข้า/หักบัญชีอัตโนมัติ,จาก SMART BBL X5912 YUASA BATTERY THAI++
10/04/2026,21:40:14,ชำระค่าบัตรเครดิต,0,94925.98, ,3834178.10,CLK07841,9924,10-เม.ย.-2569,โอนเข้า/หักบัญชีอัตโนมัติ,รหัสอ้างอิง CLK07841
16/04/2026,02:40:05,รับโอนเงินอัตโนมัติ,0, ,345235.45,4179413.55,SMC07416,999,16-เม.ย.-2569,โอนเข้า/หักบัญชีอัตโนมัติ,จาก SMART BBL X5747 SIAM GS BATTERY CO++
16/04/2026,02:40:05,รับโอนเงินอัตโนมัติ,0, ,1999991,6179404.55,SMC07416,999,16-เม.ย.-2569,โอนเข้า/หักบัญชีอัตโนมัติ,จาก SMART BBL X5747 SIAM GS BATTERY CO++
16/04/2026,02:40:05,รับโอนเงินอัตโนมัติ,0, ,1999991,8179395.55,SMC07416,999,16-เม.ย.-2569,โอนเข้า/หักบัญชีอัตโนมัติ,จาก SMART BBL X5747 SIAM GS BATTERY CO++
16/04/2026,02:40:05,รับโอนเงินอัตโนมัติ,0, ,1999991,10179386.55,SMC07416,999,16-เม.ย.-2569,โอนเข้า/หักบัญชีอัตโนมัติ,จาก SMART BBL X5747 SIAM GS BATTERY CO++
16/04/2026,08:36:19,รับโอนเงิน,0, ,28890,10208276.55,KMP20892,1262,16-เม.ย.-2569,K PLUS,จาก X0272 MR. GUIFU ZH++
16/04/2026,10:23:38,โอนเงิน,0,63648, ,10144628.55,ACM10021,898,16-เม.ย.-2569,K-Cash Connect Plus,DIRECT CREDIT Ref 2026041605839683
16/04/2026,10:23:38,โอนเงิน,0,515293.6, ,9629334.95,ACM10021,898,16-เม.ย.-2569,K-Cash Connect Plus,DIRECT CREDIT Ref 2026041605838657
16/04/2026,10:47:05,โอนเงิน,0,60944, ,9568390.95,ACM10045,898,16-เม.ย.-2569,K-Cash Connect Plus,INTERBANK TRANSFER Ref 2026041605852004
16/04/2026,10:47:13,ค่าธรรมเนียม,0,3, ,9568387.95,ACM10040,898,16-เม.ย.-2569,K-Cash Connect Plus,INTERBANK TRANSFER Ref 2026041605852004
16/04/2026,11:00:15,โอนเงิน,0,1876505.55, ,7691882.40,ACM10029,898,16-เม.ย.-2569,K-Cash Connect Plus,DIRECT CREDIT Ref 2026041605856582
16/04/2026,11:00:15,โอนเงิน,0,16050, ,7675832.40,ACM10028,898,16-เม.ย.-2569,K-Cash Connect Plus,DIRECT CREDIT Ref 2026041605855902
16/04/2026,11:56:07,รับโอนเงิน,0, ,177620,7853452.40,Q0146543,1283,16-เม.ย.-2569,Internet/Mobile SCB,จาก SCB X2768 บริษัท นิค อินเตอร++
16/04/2026,12:45:24,โอนเงิน,0,1283482.14, ,6569970.26,ACM10045,898,16-เม.ย.-2569,K-Cash Connect Plus,INTERBANK TRANSFER Ref 2026041605886880
16/04/2026,12:47:08,โอนเงิน,0,1491.98, ,6568478.28,ACM10047,898,16-เม.ย.-2569,K-Cash Connect Plus,INTERBANK TRANSFER Ref 2026041605884472
16/04/2026,12:47:09,โอนเงิน,0,28787.2, ,6539691.08,ACM10051,898,16-เม.ย.-2569,K-Cash Connect Plus,INTERBANK TRANSFER Ref 2026041605884074
16/04/2026,12:47:09,โอนเงิน,0,129572.6, ,6410118.48,ACM10045,898,16-เม.ย.-2569,K-Cash Connect Plus,INTERBANK TRANSFER Ref 2026041605883634
16/04/2026,12:49:39,โอนเงิน,0,35727.12, ,6374391.36,ACM10045,898,16-เม.ย.-2569,K-Cash Connect Plus,INTERBANK TRANSFER Ref 2026041605883207
16/04/2026,12:49:40,โอนเงิน,0,390392.16, ,5983999.20,ACM10049,898,16-เม.ย.-2569,K-Cash Connect Plus,INTERBANK TRANSFER Ref 2026041605879996
16/04/2026,12:49:40,โอนเงิน,0,12775.8, ,5971223.40,ACM10045,898,16-เม.ย.-2569,K-Cash Connect Plus,INTERBANK TRANSFER Ref 2026041605879566
16/04/2026,12:53:41,โอนเงิน,0,123585, ,5847638.40,ACM10049,898,16-เม.ย.-2569,K-Cash Connect Plus,INTERBANK TRANSFER Ref 2026041605879041
16/04/2026,12:53:41,โอนเงิน,0,35117.4, ,5812521.00,ACM10050,898,16-เม.ย.-2569,K-Cash Connect Plus,INTERBANK TRANSFER Ref 2026041605878392
16/04/2026,12:53:41,โอนเงิน,0,9360, ,5803161.00,ACM10052,898,16-เม.ย.-2569,K-Cash Connect Plus,INTERBANK TRANSFER Ref 2026041605876717
16/04/2026,12:53:42,โอนเงิน,0,15600, ,5787561.00,ACM10045,898,16-เม.ย.-2569,K-Cash Connect Plus,INTERBANK TRANSFER Ref 2026041605876216
16/04/2026,12:53:42,โอนเงิน,0,31616, ,5755945.00,ACM10050,898,16-เม.ย.-2569,K-Cash Connect Plus,INTERBANK TRANSFER Ref 2026041605875454
16/04/2026,12:53:42,โอนเงิน,0,48963.2, ,5706981.80,ACM10049,898,16-เม.ย.-2569,K-Cash Connect Plus,INTERBANK TRANSFER Ref 2026041605874813
16/04/2026,12:53:42,โอนเงิน,0,20330, ,5686651.80,ACM10053,898,16-เม.ย.-2569,K-Cash Connect Plus,INTERBANK TRANSFER Ref 2026041605873931
16/04/2026,12:58:39,โอนเงิน,0,14552, ,5672099.80,ACM10053,898,16-เม.ย.-2569,K-Cash Connect Plus,INTERBANK TRANSFER Ref 2026041605872634
16/04/2026,12:58:40,โอนเงิน,0,65284, ,5606815.80,ACM10048,898,16-เม.ย.-2569,K-Cash Connect Plus,INTERBANK TRANSFER Ref 2026041605871354
16/04/2026,12:58:40,โอนเงิน,0,17769, ,5589046.80,ACM10049,898,16-เม.ย.-2569,K-Cash Connect Plus,INTERBANK TRANSFER Ref 2026041605870712
16/04/2026,12:58:40,โอนเงิน,0,3477.93, ,5585568.87,ACM10044,898,16-เม.ย.-2569,K-Cash Connect Plus,INTERBANK TRANSFER Ref 2026041605870290
16/04/2026,12:58:40,โอนเงิน,0,70791.2, ,5514777.67,ACM10049,898,16-เม.ย.-2569,K-Cash Connect Plus,INTERBANK TRANSFER Ref 2026041605869822
16/04/2026,12:58:40,โอนเงิน,0,22033.44, ,5492744.23,ACM10047,898,16-เม.ย.-2569,K-Cash Connect Plus,INTERBANK TRANSFER Ref 2026041605868520
16/04/2026,12:58:41,โอนเงิน,0,2360.8, ,5490383.43,ACM10050,898,16-เม.ย.-2569,K-Cash Connect Plus,INTERBANK TRANSFER Ref 2026041605866661
16/04/2026,12:58:44,ค่าธรรมเนียม,0,3, ,5490380.43,ACM10043,898,16-เม.ย.-2569,K-Cash Connect Plus,INTERBANK TRANSFER Ref 2026041605869822
16/04/2026,13:05:06,โอนเงิน,0,44726, ,5445654.43,ACM10051,898,16-เม.ย.-2569,K-Cash Connect Plus,INTERBANK TRANSFER Ref 2026041605864914
16/04/2026,13:05:09,โอนเงิน,0,82773, ,5362881.43,ACM10029,898,16-เม.ย.-2569,K-Cash Connect Plus,DIRECT CREDIT Ref 2026041605858681
16/04/2026,13:05:09,โอนเงิน,0,10186.4, ,5352695.03,ACM10028,898,16-เม.ย.-2569,K-Cash Connect Plus,DIRECT CREDIT Ref 2026041605858323
16/04/2026,13:05:10,โอนเงิน,0,57763, ,5294932.03,ACM10021,898,16-เม.ย.-2569,K-Cash Connect Plus,DIRECT CREDIT Ref 2026041605857985
16/04/2026,13:05:10,โอนเงิน,0,59621.03, ,5235311.00,ACM10020,898,16-เม.ย.-2569,K-Cash Connect Plus,DIRECT CREDIT Ref 2026041605857307
16/04/2026,13:05:10,โอนเงิน,0,15408, ,5219903.00,ACM10005,898,16-เม.ย.-2569,K-Cash Connect Plus,DIRECT CREDIT Ref 2026041605855284
16/04/2026,13:05:11,โอนเงิน,0,261807.6, ,4958095.40,ACM10048,898,16-เม.ย.-2569,K-Cash Connect Plus,INTERBANK TRANSFER Ref 2026041605865516
16/04/2026,13:14:43,โอนเงิน,0,2715886.52, ,2242208.88,ACM10020,898,16-เม.ย.-2569,K-Cash Connect Plus,DIRECT CREDIT Ref 2026041605854891
16/04/2026,13:14:44,โอนเงิน,0,11055.2, ,2231153.68,ACM10028,898,16-เม.ย.-2569,K-Cash Connect Plus,DIRECT CREDIT Ref 2026041605853944
16/04/2026,13:14:44,โอนเงิน,0,16908.14, ,2214245.54,ACM10028,898,16-เม.ย.-2569,K-Cash Connect Plus,DIRECT CREDIT Ref 2026041605853579
16/04/2026,13:14:44,โอนเงิน,0,1519.4, ,2212726.14,ACM10021,898,16-เม.ย.-2569,K-Cash Connect Plus,DIRECT CREDIT Ref 2026041605853308
16/04/2026,13:14:44,โอนเงิน,0,219919.24, ,1992806.90,ACM10004,898,16-เม.ย.-2569,K-Cash Connect Plus,DIRECT CREDIT Ref 2026041605852736
16/04/2026,13:14:45,โอนเงิน,0,856, ,1991950.90,ACM10029,898,16-เม.ย.-2569,K-Cash Connect Plus,DIRECT CREDIT Ref 2026041605843922
16/04/2026,13:14:45,โอนเงิน,0,57165, ,1934785.90,ACM10021,898,16-เม.ย.-2569,K-Cash Connect Plus,DIRECT CREDIT Ref 2026041605843610
16/04/2026,13:14:45,โอนเงิน,0,10346.9, ,1924439.00,ACM10028,898,16-เม.ย.-2569,K-Cash Connect Plus,DIRECT CREDIT Ref 2026041605843077
16/04/2026,13:14:45,โอนเงิน,0,57830.2, ,1866608.80,ACM10013,898,16-เม.ย.-2569,K-Cash Connect Plus,DIRECT CREDIT Ref 2026041605842734
16/04/2026,13:14:45,โอนเงิน,0,22977, ,1843631.80,ACM10004,898,16-เม.ย.-2569,K-Cash Connect Plus,DIRECT CREDIT Ref 2026041605842025
16/04/2026,13:32:05,รับโอนเงินอัตโนมัติ,0, ,104937.34,1948569.14,SMC07416,999,16-เม.ย.-2569,โอนเข้า/หักบัญชีอัตโนมัติ,จาก SMART KTB X0266 NRC 063-6-02026++
16/04/2026,13:32:05,รับโอนเงินอัตโนมัติ,0, ,500000,2448569.14,SMC07416,999,16-เม.ย.-2569,โอนเข้า/หักบัญชีอัตโนมัติ,จาก SMART KTB X0266 NRC 063-6-02026++
16/04/2026,15:24:21,โอนเงิน,0,670283.31, ,1778285.83,ACM10021,898,16-เม.ย.-2569,K-Cash Connect Plus,DIRECT CREDIT Ref 2026041605958373
16/04/2026,17:22:54,โอนเงิน,0,1502711.21, ,275574.62,ACM10021,898,16-เม.ย.-2569,K-Cash Connect Plus,DIRECT CREDIT Ref 2026041606007811
17/04/2026,02:27:17,รับโอนเงินอัตโนมัติ,0, ,541300.92,816875.54,SMC07416,999,17-เม.ย.-2569,โอนเข้า/หักบัญชีอัตโนมัติ,จาก SMART BBL X5747 SIAM GS BATTERY CO++
17/04/2026,02:27:17,รับโอนเงินอัตโนมัติ,0, ,1999991,2816866.54,SMC07416,999,17-เม.ย.-2569,โอนเข้า/หักบัญชีอัตโนมัติ,จาก SMART BBL X5747 SIAM GS BATTERY CO++
17/04/2026,09:13:02,จากอนุพันธ์ทางการเงิน (Derivatives),0, ,2577588,5394454.54,MXD00001,982,17-เม.ย.-2569,โอนเข้า/หักบัญชีอัตโนมัติ,รหัสอ้างอิง MXD00001
17/04/2026,09:48:50,ชำระเงิน,0,1387779, ,4006675.54,GCP09901,923,17-เม.ย.-2569,K-Cash Connect Plus,เพื่อชำระ Ref X2159 กรมศุลกากร (ค่าภาษีอากร)
17/04/2026,09:48:50,ค่าธรรมเนียมจ่ายบิล,0,8, ,4006667.54,GCP09901,923,17-เม.ย.-2569,K-Cash Connect Plus,Ref X2159 กรมศุลกากร (ค่าภาษีอากร)
17/04/2026,09:48:51,ชำระเงิน,0,1845359, ,2161308.54,GCP09901,923,17-เม.ย.-2569,K-Cash Connect Plus,เพื่อชำระ Ref X2161 กรมศุลกากร (ค่าภาษีอากร)
17/04/2026,09:48:51,ค่าธรรมเนียมจ่ายบิล,0,8, ,2161300.54,GCP09901,923,17-เม.ย.-2569,K-Cash Connect Plus,Ref X2161 กรมศุลกากร (ค่าภาษีอากร)
17/04/2026,17:08:12,โอนเงิน,0,666602.51, ,1494698.03,ACM10029,898,17-เม.ย.-2569,K-Cash Connect Plus,DIRECT CREDIT Ref 2026041706251310
17/04/2026,17:08:12,โอนเงิน,0,330063.86, ,1164634.17,ACM10012,898,17-เม.ย.-2569,K-Cash Connect Plus,DIRECT CREDIT Ref 2026041706251781
17/04/2026,17:08:13,โอนเงิน,0,239466, ,925168.17,ACM10046,898,17-เม.ย.-2569,K-Cash Connect Plus,INTERBANK TRANSFER Ref 2026041706254163
17/04/2026,17:08:13,โอนเงิน,0,13214.5, ,911953.67,ACM10052,898,17-เม.ย.-2569,K-Cash Connect Plus,INTERBANK TRANSFER Ref 2026041706257153
17/04/2026,17:08:13,โอนเงิน,0,10777.58, ,901176.09,ACM10029,898,17-เม.ย.-2569,K-Cash Connect Plus,DIRECT CREDIT Ref 2026041706248465
17/04/2026,17:08:13,โอนเงิน,0,59875.2, ,841300.89,ACM10021,898,17-เม.ย.-2569,K-Cash Connect Plus,DIRECT CREDIT Ref 2026041706249931
20/04/2026,02:09:04,ฝากด้วยเช็คธนาคาร/โอน, , ,1391,842691.89,SMC07416,999,,,
20/04/2026,12:53:50,ถอนเงินโดยการโอน, ,57968, ,784723.89,ACM10047,898,,,
20/04/2026,12:54:00,หักบัญชีชำระค่าธรรมเนียม, ,3, ,784720.89,ACM10043,898,,,
20/04/2026,12:54:08,ถอนเงินโดยการโอน, ,898480.71, ,-113759.82,ACM10029,898,,,
20/04/2026,12:54:08,ถอนเงินโดยการโอน, ,66365.89, ,-180122.71,ACM10005,898,,,
20/04/2026,12:54:08,ถอนเงินโดยการโอน, ,14949, ,-195071.71,ACM10021,898,,,
20/04/2026,12:54:09,ฝากด้วยเช็คธนาคาร/โอน, , ,143759.82,-51311.89,ACM10029,898,,,
20/04/2026,12:54:09,ฝากด้วยเช็คธนาคาร/โอน, , ,66365.89,15051.00,ACM10005,898,,,
