id,name,vat,ref,street,street2,city,state,zip,country,full_address,parsed_building_name,parsed_floor_number,parsed_room_number,parsed_moo,parsed_soi,parsed_sub_district,parsed_district,parsed_province
1,BERGSOE METALS COMPANY LIMITED,013553000051,False,"250 village No. 11, Banpa, Kaeng Khoi,",Saraburi Province 18110 Thailand,False,,False,,"250 village No. 11, Banpa, Kaeng Khoi, Saraburi Province 18110 Thailand",,,,,,,,Saraburi
10,"GS Yuasa Siam industry  Co.,Ltd.",0115551005428,False,"(Head Office) 111 Moo 9 Huasamrong, Plangyao,",Chachoengsao 24190,False,,False,,"(Head Office) 111 Moo 9 Huasamrong, Plangyao, Chachoengsao 24190",,,,09,,,,
11,"Somporn Metal Trading Co., Ltd.  (Fe001)",0115559013781,False,(สำนักงานใหญ่) 103/2 หมู่ที่ 2 ตำบลแหลมประดู่ อำเภอบ้านโพธิ์  จังหวัดฉะเชิงเทรา  24140,False,False,,False,,(สำนักงานใหญ่) 103/2 หมู่ที่ 2 ตำบลแหลมประดู่ อำเภอบ้านโพธิ์  จังหวัดฉะเชิงเทรา  24140,,,,02,,แหลมประดู่,บ้านโพธิ์,ฉะเชิงเทรา
25,"Siam GS Battery  Co.,Ltd.",0105509000014,False,"(Head Office ) 78-78/1 Moo 3 Sukhumvit Rd., T.Bangpoomai,","A.Muang, Samutprakarn 10280",False,,False,,"(Head Office ) 78-78/1 Moo 3 Sukhumvit Rd., T.Bangpoomai, A.Muang, Samutprakarn 10280",,,,03,,Bangpoomai,Muang,
41,บริษัท ยอดเขา จำกัด,0105564158295,False,(สำนักงานใหญ่) 65/112 ซอยรามอินทรา 14 แขวงท่าแร้ง,เขตบางเขน   กรุงเทพมหานคร  10220,False,,False,,(สำนักงานใหญ่) 65/112 ซอยรามอินทรา 14 แขวงท่าแร้ง เขตบางเขน   กรุงเทพมหานคร  10220,,,,,,ท่าแร้ง,บางเขน,
45,"Yuasa Battery(Thailand) Public  Co.,Ltd.",0107537002672,False,"(Head Office) No. 164 Village No. 5, Soi Thesaban 55, Sukhumvit Road, Ban Mai Subdistrict","Mueang Samut Prakan District, Samut Prakan Province 10280",False,,False,,"(Head Office) No. 164 Village No. 5, Soi Thesaban 55, Sukhumvit Road, Ban Mai Subdistrict Mueang Samut Prakan District, Samut Prakan Province 10280",,,,,Thesaban 55,,Prakan,Prakan
48,"บริษัท พี แอนด์ เอส นาวิเกชั่น จำกัด P&S Navigation Co., Ltd.",0105544102910,False,143 ซอยดำรงลัทธพิพัฒน์,ถ. อาจณรงค์ แขวงคลองเตย,เขตคลองเตย,กรุงเทพมหานคร (TH),10230,Thailand,143 ซอยดำรงลัทธพิพัฒน์ ถ. อาจณรงค์ แขวงคลองเตย เขตคลองเตย กรุงเทพมหานคร (TH),,,,,,คลองเตย,คลองเตย,กรุงเทพมหานคร (TH)
58,บริษัท เบอร์กโซ่ เมตัลส์ จำกัด (branch 00000),013553000051,False,250 หมู่ 11,ตำบลบ้านป่า อำเภอแก่งคอย สระบุรี 18110,False,,False,,250 หมู่ 11 ตำบลบ้านป่า อำเภอแก่งคอย สระบุรี 18110,,,,11,,บ้านป่า,แก่งคอย,
64,บริษัท บิ๊กแก๊ส เทคโนโลยี จำกัด BIGGAS TECHNOLOGY COMPANY LIMITED,False,False,389 อาคารพีเอสซีที,ถนนวิภาวดีรังสิต แขวงสามเสนใน,เขตพญาไท,กรุงเทพมหานคร (TH),10400,Thailand,389 อาคารพีเอสซีที ถนนวิภาวดีรังสิต แขวงสามเสนใน เขตพญาไท กรุงเทพมหานคร (TH),พีเอสซีที ถนนวิภาวดีรังสิต,,,,,สามเสนใน,พญาไท,กรุงเทพมหานคร (TH)
65,บริษัท ลินเด้ (ประเทศไทย) จำกัด (มหาชน) LINDE PUBLIC LIMITED COMPANY,0107537000785,False,ชั้น 15 บางนาทาวเวอร์ เอ 2/3 หมู่14 ถ.บางนา-ตราด กม.6.5 ต.บางแก้ว อ.บางพลี จ.สมุทรปราการ 10540,False,False,,False,,ชั้น 15 บางนาทาวเวอร์ เอ 2/3 หมู่14 ถ.บางนา-ตราด กม.6.5 ต.บางแก้ว อ.บางพลี จ.สมุทรปราการ 10540,,15,,14,,บางแก้ว,บางพลี,สมุทรปราการ
68,ADVANCED INFO SERVICE PUBLIC COMPANY LIMITED,0107535000265,False,414 Phahon Yothin Road,False,PHAYA THAI,Bangkok (TH),10400,Thailand,414 Phahon Yothin Road PHAYA THAI Bangkok (TH),,,,,,,,Bangkok (TH)
559,TEAMPLAS CHEMICAL COMPANY LIMITED,0105534038305,False,"3/3 Moo 1 Pimpawat Road, Tambol Pimpa Amphoe Bangprakong",False,False,Chachoengsao (TH),24180,Thailand,"3/3 Moo 1 Pimpawat Road, Tambol Pimpa Amphoe Bangprakong Chachoengsao (TH)",,,,01,,,,Chachoengsao (TH)
560,DESHENGCHANG NEW MATERIAL (THAILAND) COMPANY LIMITED,0215565011777,False,7/506 Moo 6 Tambol Mapyangporn Amphoe Pluakdang,False,False,Rayong (TH),21140,,7/506 Moo 6 Tambol Mapyangporn Amphoe Pluakdang Rayong (TH),,,,06,,,,Rayong (TH)
561,SUN VENDING TECHNOLOGY PUBLIC COMPANY LIMITED,0107564000103,False,"34 Krungthep Kreetha Road, Hua Mak Subdistrict, Bang Kapi District",False,False,Bangkok (TH),10240,Thailand,"34 Krungthep Kreetha Road, Hua Mak Subdistrict, Bang Kapi District Bangkok (TH)",,,,,,,Kapi,Bangkok (TH)
562,PANYARAKSA COMPANY LIMITED,0105548127011,False,"199/1-3 Moo 1 Saeng chuto Road, Tambol Wangdong","Amphoe Mueng,",False,Kanchanaburi (TH),71190,Thailand,"199/1-3 Moo 1 Saeng chuto Road, Tambol Wangdong Amphoe Mueng, Kanchanaburi (TH)",,,,01,,,,Kanchanaburi (TH)
563,SIAM FURUKAWA COMPANY LIMITED,0105535010561,False,"33 Moo 4 Nongplakradee Road, Tambol Bualoy",False,Ampohe Nong Khae,Saraburi (TH),18140,Thailand,"33 Moo 4 Nongplakradee Road, Tambol Bualoy Ampohe Nong Khae Saraburi (TH)",,,,04,,,,Saraburi (TH)
567,Voyager Trading Partners LLC,False,False,"555 BRYANT ST APT 356 PALO ALTO, CA 94301 USA",Import.ops@drip capital.com,Palo Alto,,False,United States,"555 BRYANT ST APT 356 PALO ALTO, CA 94301 USA Import.ops@drip capital.com Palo Alto",,,,,,ops,,
568,THAI KBS BATTERY COMPANY LIMITED,0305553002696,False,"212 Moo. 3, Nong Bua Sala Subdistrict, Mueang Nakhon Ratchasima District",False,False,Nakhon Ratchasima (TH),30000,Thailand,"212 Moo. 3, Nong Bua Sala Subdistrict, Mueang Nakhon Ratchasima District Nakhon Ratchasima (TH)",,,,,,,Ratchasima,Nakhon Ratchasima (TH)
569,NARAC ARMS INDUSTRY COMPANY LIMITED,0115549007508,False,"119 Moo 13, Khao Khlung Subdistrict, Ban Prong District",False,False,Ratchaburi (TH),70110,Thailand,"119 Moo 13, Khao Khlung Subdistrict, Ban Prong District Ratchaburi (TH)",,,,13,,,Prong,Ratchaburi (TH)
570,บริษัท เสริมพงษ์ ดีเวลลอปเม้นต์ จำกัด,False,False,43/27 ตำบลบางสีทอง อำเภอบางกรวย จังหวัดนนทบุรี 11130,False,False,,False,,43/27 ตำบลบางสีทอง อำเภอบางกรวย จังหวัดนนทบุรี 11130,,,,,,บางสีทอง,บางกรวย,นนทบุรี
573,NIC INTERCHEM COMPANY LIMITED,0105547145199,False,False,"13/46 Moo 6, Khlong Sam Subdistrict, Khlong Luang District",KHLONG LUANG,Pathum Thani (TH),12120,Thailand,"13/46 Moo 6, Khlong Sam Subdistrict, Khlong Luang District KHLONG LUANG Pathum Thani (TH)",,,,06,,,Luang,Pathum Thani (TH)
576,LYRECO (THAILAND) COMPANY LIMITED,0105544109337,False,เลขที  4345 อาคารภิรัชทาวเวอร์แอท ไบเทค ห้องเลขที  1601-1608 ชั้นที 16 ถนนสุขุมวิท แขวงบางนาใต้ เขตบางนา กรุงเทพมหานคร 10260,False,BANG NA,,False,Thailand,เลขที  4345 อาคารภิรัชทาวเวอร์แอท ไบเทค ห้องเลขที  1601-1608 ชั้นที 16 ถนนสุขุมวิท แขวงบางนาใต้ เขตบางนา กรุงเทพมหานคร 10260 BANG NA,ภิรัชทาวเวอร์แอท ไบเทค,,,,,บางนาใต้,บางนา,
581,BULLET MASTER COMPANY LIMITED,0115534003111,False,"48 Soi Chaloem Prakiat Rama 9, Soi 65, Intersection 1 Prawet Subdistrict, Prawet District",False,False,Bangkok (TH),10250,Thailand,"48 Soi Chaloem Prakiat Rama 9, Soi 65, Intersection 1 Prawet Subdistrict, Prawet District Bangkok (TH)",,,,,Chaloem,,Prawet,Bangkok (TH)
1116,บริษัท เจริญเมืองแมชชินเนอรี่ จำกัด,0105534119020,False,164/1 ถนนวิสุทธิกษัตริย์ แขวงบ้านพานถ เขตพระนคร กรุงเทพมหานคร,False,False,Bangkok (TH),10200,Thailand,164/1 ถนนวิสุทธิกษัตริย์ แขวงบ้านพานถ เขตพระนคร กรุงเทพมหานคร Bangkok (TH),,,,,,บ้านพานถ,พระนคร,Bangkok (TH)
1130,"บริษัท เอ็น.ที.เอช แก๊สเทค จำกัด N.T.H. Gastech Co., Ltd.",0195547000921,False,8​ หมู่9​ ถนนมิตรภาพ​ ตำบลทับกวาง​ อำเภอแก่งคอย​ จังหวัดสระบุรี​,False,False,Saraburi (TH),18260,Thailand,8​ หมู่9​ ถนนมิตรภาพ​ ตำบลทับกวาง​ อำเภอแก่งคอย​ จังหวัดสระบุรี​ Saraburi (TH),,,,09,,ทับกวาง​,แก่งคอย​,สระบุรี​
1134,บริษัท แอร์เอกซ์เพรส เอ็นจิเนียริ่ง จำกัด,False,False,132  Moo5 Wangchula Wangnoi Ayutthaya 13170,False,False,,False,,132  Moo5 Wangchula Wangnoi Ayutthaya 13170,,,,05,,,,
1135,บริษัท โชคพัฒนาสระบุรี เซอร์วิส จำกัด,0195535000191,False,35 ถนนมิตรภาพ ตำบลปากเพรียว อำเภอเมืองสระบุรี จังหวัดสระบุรี 18000,False,False,,False,,35 ถนนมิตรภาพ ตำบลปากเพรียว อำเภอเมืองสระบุรี จังหวัดสระบุรี 18000,,,,,,ปากเพรียว,เมืองสระบุรี,สระบุรี
1144,บริษัท ซีพี แอ็กซ์ตร้า จำกัด(มหาชน),0107567000414,False,66/3 หมู่2 ตำบลตลิ่งชัน อำเภอเมืองสระบุรี จังหวัดสระบุรี,False,False,Saraburi (TH),18000,Thailand,66/3 หมู่2 ตำบลตลิ่งชัน อำเภอเมืองสระบุรี จังหวัดสระบุรี Saraburi (TH),,,,02,,ตลิ่งชัน,เมืองสระบุรี,สระบุรี
1145,บริษัท ซีพีแอล กรุ๊ป จำกัด(มหาชน) CPL GROUP PUBLIC COMPANY LIMITED,0107537000289,False,สาขาที่00006:90/62 หมู่6 ถนนพหลโยธิน ตำบลเชียงรากน้อย อำเภอบางประอิน จังหวัดพระนครศรีอยุธยา,False,False,Phra Nakhon Si Ayutthaya (TH),13180,Thailand,สาขาที่00006:90/62 หมู่6 ถนนพหลโยธิน ตำบลเชียงรากน้อย อำเภอบางประอิน จังหวัดพระนครศรีอยุธยา Phra Nakhon Si Ayutthaya (TH),,,,06,,เชียงรากน้อย,บางประอิน,พระนครศรีอยุธยา
1155,บริษัท บางกอกโคมัตสุเซลส์ จำกัด,0115555006003,False,74 ม.2 ถ.พหลโยธิน ต.ห้วยบง อ.เฉลิมพระเกียรติ จ.สระบุรี,False,False,Saraburi (TH),18000,Thailand,74 ม.2 ถ.พหลโยธิน ต.ห้วยบง อ.เฉลิมพระเกียรติ จ.สระบุรี Saraburi (TH),,,,02,,ห้วยบง,เฉลิมพระเกียรติ,สระบุรี
1156,บริษัท ปตท. น้ำมันและการค้าปลีก จำกัด (มหาชน) PTT Oil & Retail Public Company Limited,False,False,"555, ศูนย์เอนเนอร์ยี่คอมเพล็กซ์, อาคารบี ชั้นที่ 12",ถนนวิภาวดีรังสิต แขวงจตุจักร เขตจตุจักร กรุงเทพ 10900,False,,False,,"555, ศูนย์เอนเนอร์ยี่คอมเพล็กซ์, อาคารบี ชั้นที่ 12 ถนนวิภาวดีรังสิต แขวงจตุจักร เขตจตุจักร กรุงเทพ 10900",บี ชั้นที่,12,,,,จตุจักร,จตุจักร,
1157,บริษัท ปัญญาสตีล(2005) จำกัด,0195548000771,False,"12/1,12/2 ม.1 ถ.เลี่ยงเมืองสระบุรี ต.ดาวเรือง อ.เมืองสระบุรี จ.สระบุรี",False,False,Saraburi (TH),18000,Thailand,"12/1,12/2 ม.1 ถ.เลี่ยงเมืองสระบุรี ต.ดาวเรือง อ.เมืองสระบุรี จ.สระบุรี Saraburi (TH)",,,,01,,ดาวเรือง,เมืองสระบุรี,สระบุรี
1158,บริษัท พงษ์ชลิต จำกัด,0105531046749,False,"91,93 ซอยเอกชัย 94 แยก 5 ถนนเอกชัย แขวงบางบอนเหนือ เขตบางบอน กรุงเทพมหานคร",False,False,Bangkok (TH),10150,Thailand,"91,93 ซอยเอกชัย 94 แยก 5 ถนนเอกชัย แขวงบางบอนเหนือ เขตบางบอน กรุงเทพมหานคร Bangkok (TH)",,,,,,บางบอนเหนือ,บางบอน,Bangkok (TH)
1160,บริษัท ฟาสท์-โกรวิ่ง โปรดักส์ จำกัด,0105539108310,False,39 ซ.รามอินทรา 65 แยก 2-4 ถ.รามอินทรา แขวงท่าแร้ง เขตบางเขน กรุงเทพมหานคร,False,False,Bangkok (TH),10230,Thailand,39 ซ.รามอินทรา 65 แยก 2-4 ถ.รามอินทรา แขวงท่าแร้ง เขตบางเขน กรุงเทพมหานคร Bangkok (TH),,,,,,ท่าแร้ง,บางเขน,Bangkok (TH)
1162,"บริษัท มาเรียไฮดรอลิค นิวแมติกส์ ซัพพลาย จำกัด Maria Hydraulic Pneumatic Supply Co., Ltd.",0195544000131,False,413/11-12 ถนนมิตรภาพ ตำบลปากเพรียว อำเภอเมืองสระบุรี จ.สระบุรี,False,False,Saraburi (TH),18000,Thailand,413/11-12 ถนนมิตรภาพ ตำบลปากเพรียว อำเภอเมืองสระบุรี จ.สระบุรี Saraburi (TH),,,,,,ปากเพรียว,เมืองสระบุรี,สระบุรี
1165,"บริษัท ยิ่งเจริญสระบุรีสตีล จำกัด Yingcharoen Saraburi Steel Co., Ltd.",0195560002681,False,38 หมู่ 2 ถนนพหลโยธิน ตำบลห้วยบง อำเภอเฉลิมพระเกียรติ จังหวัดสระบุรี,False,False,Saraburi (TH),18000,Thailand,38 หมู่ 2 ถนนพหลโยธิน ตำบลห้วยบง อำเภอเฉลิมพระเกียรติ จังหวัดสระบุรี Saraburi (TH),,,,02,,ห้วยบง,เฉลิมพระเกียรติ,สระบุรี
1168,บริษัท วาวา แพค จำกัด,0105545034942,False,52 ม.3 ต.สีคิ้ว อ.สีคิ้ว จ.นครราชสีมา 30140,False,False,์์์Nakhonratchasima (TH),30140,Thailand,52 ม.3 ต.สีคิ้ว อ.สีคิ้ว จ.นครราชสีมา 30140 ์์์Nakhonratchasima (TH),,,,03,,สีคิ้ว,สีคิ้ว,นครราชสีมา
1169,"บริษัท วิศวภัณฑ์ (1992) จำกัด VISAVAPHAN (1992) CO., LTD",0195535000077,False,12/1 ถนนเทศบาล8(ริมทางไฟ)ตำบลปากเพรียว อำเภอเมือง จังหวัดสระบุรี,False,False,Saraburi (TH),18000,Thailand,12/1 ถนนเทศบาล8(ริมทางไฟ)ตำบลปากเพรียว อำเภอเมือง จังหวัดสระบุรี Saraburi (TH),,,,,,ปากเพรียว,เมือง,สระบุรี
1173,"บริษัท สยาม ซัน ออโต้เซลส์ จำกัด Siam Sun Auto Sales Co., Ltd.",0705551000803,False,เลขที่ 99 ม.2 ถ.บรมราชชนนี ต.ทรงคนอง อ.สามพราน จ.นครปฐม,False,PAK THO,Nakhon Pathom (TH),73210,Thailand,เลขที่ 99 ม.2 ถ.บรมราชชนนี ต.ทรงคนอง อ.สามพราน จ.นครปฐม PAK THO Nakhon Pathom (TH),,,,02,,ทรงคนอง,สามพราน,นครปฐม
1175,บริษัท สระบุรีสกรู จำกัด,0195556000491,False,88/27-28 ถนนสุดบรรทัด ตำบลปากเพรียว อำเภอเมือง จังหวัดสระบุรี 18000,False,False,,False,,88/27-28 ถนนสุดบรรทัด ตำบลปากเพรียว อำเภอเมือง จังหวัดสระบุรี 18000,,,,,,ปากเพรียว,เมือง,สระบุรี
1177,"บริษัท สุขพัฒน์(2006)จำกัด Sukkhapat (2006) Co., Ltd.",0195549000317,False,22/2 ซอย9 ถนนสุดบรรทัด ตำบลปากเพรียว อำเภอเมือง จังหวัดสระบุรี,False,False,Saraburi (TH),18000,Thailand,22/2 ซอย9 ถนนสุดบรรทัด ตำบลปากเพรียว อำเภอเมือง จังหวัดสระบุรี Saraburi (TH),,,,,,ปากเพรียว,เมือง,สระบุรี
1188,บริษัท เลิศวิลัยแอนด์ซันส์ จำกัด,0105529045846,False,อาคารอภินรเศรษฐ์868 ถ.เพชรเกษม แขวงบางแคเหนือ เขตบางแค กรุงเทพมหานคร,False,False,Bangkok (TH),10160,Thailand,อาคารอภินรเศรษฐ์868 ถ.เพชรเกษม แขวงบางแคเหนือ เขตบางแค กรุงเทพมหานคร Bangkok (TH),อภินรเศรษฐ์868 ถ.เพชรเกษม,,,,,บางแคเหนือ,บางแค,Bangkok (TH)
1191,หจก.เอ็น.พี.วี.อีควิบเม้นท์,False,False,"464,466 ซอยกรุงธนบุรี แขวงบางลำภูล่าง เขตคลองสาน กรุงเทพมหานคร",False,False,Bangkok (TH),10600,Thailand,"464,466 ซอยกรุงธนบุรี แขวงบางลำภูล่าง เขตคลองสาน กรุงเทพมหานคร Bangkok (TH)",,,,,,บางลำภูล่าง,คลองสาน,Bangkok (TH)
1193,บริษัท แสงชัยมิเตอร์ จำกัด,0105525036435,False,888 ถ.พหลโยธิน แขวงสามเสนใน เขตพญาไท กรุงเทพมหานคร,False,False,Bangkok (TH),10400,Thailand,888 ถ.พหลโยธิน แขวงสามเสนใน เขตพญาไท กรุงเทพมหานคร Bangkok (TH),,,,,,สามเสนใน,พญาไท,Bangkok (TH)
1196,"บริษัท โอ.ซี.อาร์.จำกัด O.C.R. Co., Ltd.",0905548001215,False,2/2 หมู่ที่7 ตำบลคลองทราย อำเภอนาทวี จังหวัดสงขลา,False,False,Songkhla (TH),90160,Thailand,2/2 หมู่ที่7 ตำบลคลองทราย อำเภอนาทวี จังหวัดสงขลา Songkhla (TH),,,,07,,คลองทราย,นาทวี,สงขลา
1197,บริษัท ไซคลอพ แสตรป จำกัด Cyklop Strap Limited,0115554010341,False,"517 Moo 4 Bangpoo Industrial Estate,Soi 11B Pattana1Rd T.Prakasa,A.Muang,Samutprakarn",False,False,Samutprakarn (TH),10280,Thailand,"517 Moo 4 Bangpoo Industrial Estate,Soi 11B Pattana1Rd T.Prakasa,A.Muang,Samutprakarn Samutprakarn (TH)",,,,04,11B,Prakasa,Muang,Samutprakarn (TH)
1202,"บริษัท ซีอาร์ซี ไทวัสดุ จำกัด CRC Thai Watsadu Co.,Ltd.",0105555021215,False,88/9 หมู่ที่ 8 ตำบลตลิ่งชัน อำเภอเมืองสระบุรี จังหวัดสระบุรี 18110,False,False,,False,,88/9 หมู่ที่ 8 ตำบลตลิ่งชัน อำเภอเมืองสระบุรี จังหวัดสระบุรี 18110,,,,08,,ตลิ่งชัน,เมืองสระบุรี,สระบุรี
1205,บริษัท ดี.ดี.สแปร์พาร์ท แอนด์ เซอร์วิส จำกัด,False,False,9/42 ซอยเฉลิมพระเกียรติ ร.9 ซอย 38 แขวงดอกไม้ เขตประเวศ กรุงเทพมหานคร,False,False,Bangkok (TH),10250,Thailand,9/42 ซอยเฉลิมพระเกียรติ ร.9 ซอย 38 แขวงดอกไม้ เขตประเวศ กรุงเทพมหานคร Bangkok (TH),,,,,38,ดอกไม้,ประเวศ,Bangkok (TH)
1214,"บริษัท พี.เอ็น.อาร์ เอ็นจิเนียริ่ง จำกัด P.N.R. Engineering Co., Ltd.",False,False,338/196 ซอยลาดพร้าว 87 ถ.ลาดพร้าว แขวงวังทองหลาง เขตวังทองหลาง กรุงเทพมหานคร,False,False,Bangkok (TH),10310,Thailand,338/196 ซอยลาดพร้าว 87 ถ.ลาดพร้าว แขวงวังทองหลาง เขตวังทองหลาง กรุงเทพมหานคร Bangkok (TH),,,,,,วังทองหลาง,วังทองหลาง,Bangkok (TH)
1234,"บริษัท สุขอนันต์การไฟฟ้า จำกัด Sukhanan Electric Co., Ltd",0195552000705,False,78/7 ถ.สุดบรรทัด ต.ปากเพรียว อ.เมืองสระบุรี จ.สระบุรี 18000,False,False,,False,,78/7 ถ.สุดบรรทัด ต.ปากเพรียว อ.เมืองสระบุรี จ.สระบุรี 18000,,,,,,ปากเพรียว,เมืองสระบุรี,สระบุรี
1238,"บริษัท เอสโบ้ โฮมเวิลด์ จำกัด Esbo Company Home World Co., Ltd.",0195553000024,False,769/1 ถนนพหลโยธิน ตำบลปากเพรียว อำเภอเมืองสระบุรี จังหวัดสระบุรี 18000,False,False,,False,,769/1 ถนนพหลโยธิน ตำบลปากเพรียว อำเภอเมืองสระบุรี จังหวัดสระบุรี 18000,,,,,,ปากเพรียว,เมืองสระบุรี,สระบุรี
1241,บริษัท มูซาด้า จำกัด,0245559002257,False,11/1 หมู่3 ตำบลคลองเปรง อำเภอเมืองฉะเชิงเทรา จังหวัดฉะเชิงเทรา,False,False,Chachoengsao (TH),24000,Thailand,11/1 หมู่3 ตำบลคลองเปรง อำเภอเมืองฉะเชิงเทรา จังหวัดฉะเชิงเทรา Chachoengsao (TH),,,,03,,คลองเปรง,เมืองฉะเชิงเทรา,ฉะเชิงเทรา
1242,"บริษัท บอร์เนียว เทคนิเคิล(ประเทศไทย) จำกัด Borneo Technical (Thailand) co., ltd",0105504001047,False,89/175 ถ.วิภาวดีรังสิต แขวงตลาดบางเขน เขตหลักสี่ กรุงเทพมหานคร,False,False,Bangkok (TH),10210,Thailand,89/175 ถ.วิภาวดีรังสิต แขวงตลาดบางเขน เขตหลักสี่ กรุงเทพมหานคร Bangkok (TH),,,,,,ตลาดบางเขน,หลักสี่,Bangkok (TH)
1243,บุญเรืองไดนาโม Boon Rueng Dynamo,3190100197861,False,22/8 หมู่ 2 ถนนมิตรภาพ ตำบลตลิ่งชัน อำเภอเมืองสระบุรี จังหวัดสระบุรี,False,False,,18000,,22/8 หมู่ 2 ถนนมิตรภาพ ตำบลตลิ่งชัน อำเภอเมืองสระบุรี จังหวัดสระบุรี,,,,02,,ตลิ่งชัน,เมืองสระบุรี,สระบุรี
1245,บริษัท มหาจักรทูลส์  อินดัสเตรียล โซลูชั่น จำกัด,0195563002593,False,99  หมู่3  ตำบลดาวเรือง อำเภอเมือง  จังหวัดสระบุรี,False,False,Saraburi (TH),18000,Thailand,99  หมู่3  ตำบลดาวเรือง อำเภอเมือง  จังหวัดสระบุรี Saraburi (TH),,,,03,,ดาวเรือง,เมือง,สระบุรี
1249,มิตรภาพคูลลิ่ง,3199900067278,False,3/14-15 ถนนมิตรภาพ ตำบลแก่งคอย  อำเภอแก่งคอย จังหวัดสระบุรี,False,False,Saraburi (TH),18110,Thailand,3/14-15 ถนนมิตรภาพ ตำบลแก่งคอย  อำเภอแก่งคอย จังหวัดสระบุรี Saraburi (TH),,,,,,แก่งคอย,แก่งคอย,สระบุรี
1272,หจก.เฮอร์คิวลิส ซีล,0193555001468,False,101/6/7 ถ.มิตรภาพ ต.ปากเพรียว อ.เมือง จ.สระบุรี,False,False,Saraburi (TH),18000,Thailand,101/6/7 ถ.มิตรภาพ ต.ปากเพรียว อ.เมือง จ.สระบุรี Saraburi (TH),,,,,,ปากเพรียว,เมือง,สระบุรี
1275,"หจก.ปัญจบวรอะไหล่ PANJABOWORN AHLAI LTD., PART",0193534001256,False,22/5 ถ.พหลโยธิน ต.ปากเพรียว อ.เมือง จ.สระบุรี,False,False,Saraburi (TH),18000,Thailand,22/5 ถ.พหลโยธิน ต.ปากเพรียว อ.เมือง จ.สระบุรี Saraburi (TH),,,,,,ปากเพรียว,เมือง,สระบุรี
1276,"หจก.มงคลพาณิชย์การเหล็ก Mongkol Commercial Steel Co., Ltd.",False,False,74/8-9 ซ.สุกร 2 ถ.ตรีมิตร แขวงตลาดน้อย เขต สัมพันธวงศ์ กรุงเทพ,False,False,Bangkok (TH),10100,Thailand,74/8-9 ซ.สุกร 2 ถ.ตรีมิตร แขวงตลาดน้อย เขต สัมพันธวงศ์ กรุงเทพ Bangkok (TH),,,,,,ตลาดน้อย,สัมพันธวงศ์,Bangkok (TH)
1281,หาญพานิชย์,3199800054590,False,282-284 ถนนสุดบรรทัด อำเภอแก่งคอย จังหวัดสระบุรี,False,False,,18110,,282-284 ถนนสุดบรรทัด อำเภอแก่งคอย จังหวัดสระบุรี,,,,,,,แก่งคอย,สระบุรี
1283,หจก.อิเลคทริคอล เอ็นจิเนียริ่ง แอนด์อิควิปเม้นท์,0103538032024,False,87/114 หมู่ 5ซอย สุขสวัสดิ์ 2 ถนน สุขสวัสดิ์ แขวงจอมทอง เขตจอมทอง กรุงเทพมหานคร,False,False,Bangkok (TH),10150,Thailand,87/114 หมู่ 5ซอย สุขสวัสดิ์ 2 ถนน สุขสวัสดิ์ แขวงจอมทอง เขตจอมทอง กรุงเทพมหานคร Bangkok (TH),,,,05,สุขสวัสดิ์ 2,จอมทอง,จอมทอง,Bangkok (TH)
1293,"บริษัท สระบุรีโสภาแก๊ส จำกัดLP GAS Sopa Gas Co.,Ltd.",0195562000147,False,96 หมู่ 6 ถนนโครงการทางหลวงท้องถิ่นสายตะกุด-ตลิ่งชัน ตำบลตะกุด อำเภอเมืองสระบุรี จังหวัดสระบุรี,False,False,Saraburi (TH),18000,Thailand,96 หมู่ 6 ถนนโครงการทางหลวงท้องถิ่นสายตะกุด-ตลิ่งชัน ตำบลตะกุด อำเภอเมืองสระบุรี จังหวัดสระบุรี Saraburi (TH),,,,06,,ตะกุด,เมืองสระบุรี,สระบุรี
1295,"บริษัท ซูพรีมแก๊ส จำกัด Supreme Gas co., ltd",0135561014667,False,49/253 หมู่6 ตำบลคูคต อำเภอลำลูกกา จังหวัดปทุมธานี,False,False,Pathum Thani (TH),12130,Thailand,49/253 หมู่6 ตำบลคูคต อำเภอลำลูกกา จังหวัดปทุมธานี Pathum Thani (TH),,,,06,,คูคต,ลำลูกกา,ปทุมธานี
1297,หจก.โรงพิมพ์​สระบุรี​,019351000143,False,พหลโยธิน​ ต.ปากเพรียว​ อ.เมือง​  สระบุรี​,False,​,,18000,,พหลโยธิน​ ต.ปากเพรียว​ อ.เมือง​  สระบุรี​ ​,,,,,,ปากเพรียว​,เมือง​,
1299,THAI ENERGY STORAGE TECHNOLOGY PUBLIC COMPANY LIMITED,0107563000312,False,False,"387 Moo. 4, Sukhumvit Road, Phraeksa Subdistrict, Mueang Samut Prakan District, Samut Prakan Province",MUEANG SAMUT PRAKAN,Samut Prakan (TH),10280,Thailand,"387 Moo. 4, Sukhumvit Road, Phraeksa Subdistrict, Mueang Samut Prakan District, Samut Prakan Province MUEANG SAMUT PRAKAN Samut Prakan (TH)",,,,,,,Prakan,Prakan
1300,"Thaihuawei Battery Co.,Ltd.",0105556184207,False,"88/1-3,88/5 Moo 8, Bowin Subdistrict",False,Sriracha,Chonburi (TH),20230,Thailand,"88/1-3,88/5 Moo 8, Bowin Subdistrict Sriracha Chonburi (TH)",,,,08,,,,Chonburi (TH)
1303,"THAI SOLDER INDUSTRY CORP.,LIMITED",0105525005700,False,"11/2 Moo 3, Soi Wat Bang Ya Phraek, Pu Chao Saming Phrai Road, Bang Ya Phraek Subdistrict,",False,PHRA PRADAENG,Samut Prakan (TH),10130,Thailand,"11/2 Moo 3, Soi Wat Bang Ya Phraek, Pu Chao Saming Phrai Road, Bang Ya Phraek Subdistrict, PHRA PRADAENG Samut Prakan (TH)",,,,03,Wat,,,Samut Prakan (TH)
1309,"บริษัท เปเป้ คอร์ปอเรชั่น PEPE CORPORATION CO., LTD",False,False,40/104 ซ.เพชรเกษม 69 แขวงหนองค้างพลู เขตหนองแขม กทม.10160,False,False,,False,,40/104 ซ.เพชรเกษม 69 แขวงหนองค้างพลู เขตหนองแขม กทม.10160,,,,69,,หนองค้างพลู,หนองแขม,
1311,"บริษัท ดีเอสแอล เอเซีย-แปซิฟิก จำกัด DSL ASIA-PACIFIC CO., LTD",False,False,33/38 -ถนนมิตรภาพ ต.หนองไข่น้ำ อ.หนองแค จ.สระบุรี 18140,False,False,,False,,33/38 -ถนนมิตรภาพ ต.หนองไข่น้ำ อ.หนองแค จ.สระบุรี 18140,,,,,,หนองไข่น้ำ,หนองแค,สระบุรี
1312,ช.การช่าง,4130200004508,False,59/13​ หมู่9​ ตำบลทับกวาง​ อำเภอแก่งคอย​ จังหวัดสระบุรี​,False,False,,18260,,59/13​ หมู่9​ ตำบลทับกวาง​ อำเภอแก่งคอย​ จังหวัดสระบุรี​,,,,09,,ทับกวาง​,แก่งคอย​,สระบุรี​
1315,อดิเรก​ท่าทราย,False,False,42/1 หมู่ 8 ตำบลตาลเดี่ยว อำเภอแก่งคอย จังหวัดสระบุรี,False,False,Saraburi (TH),18110,Thailand,42/1 หมู่ 8 ตำบลตาลเดี่ยว อำเภอแก่งคอย จังหวัดสระบุรี Saraburi (TH),,,,08,,ตาลเดี่ยว,แก่งคอย,สระบุรี
1316,MAXWELL CHEMICAL COMPANY LIMITED,0105559085226,False,51 ซอยจันทน์ 16 แยก 2 แขวงทุ่งวัดดอน,False,SATHORN,กรุงเทพมหานคร (TH),10230,Thailand,51 ซอยจันทน์ 16 แยก 2 แขวงทุ่งวัดดอน SATHORN กรุงเทพมหานคร (TH),,,,,,ทุ่งวัดดอน,,กรุงเทพมหานคร (TH)
1319,นายศักดา เสียงก้อง,3100200531275,False,58 หมู่11 ตำบลบ้านป่า อำเภอแก่งคอย จังหวัดสระบุรี,False,False,,18110,,58 หมู่11 ตำบลบ้านป่า อำเภอแก่งคอย จังหวัดสระบุรี,,,,11,,บ้านป่า,แก่งคอย,สระบุรี
1320,บริษัท เอแอนด์เจ อินเตอร์ ขนส่ง จำกัด A&J INTER TRANSPORT COMPANY LIMITED,0105554114279,False,9/42 Ratchadaphisek Road,Supalai Premier  Ratchada- Narathiwat- Sathorn Building,YAN NAWA,Bangkok (TH),10120,Thailand,9/42 Ratchadaphisek Road Supalai Premier  Ratchada- Narathiwat- Sathorn Building YAN NAWA Bangkok (TH),Sathorn Building,,,,,,,Bangkok (TH)
1321,ONE TWO SEVEN COMPANY LIMITED,0105532081661,False,127 Moo 11,False,BANG PHLI,Samut Prakan (TH),10540,Thailand,127 Moo 11 BANG PHLI Samut Prakan (TH),,,,11,,,,Samut Prakan (TH)
1322,THAI CONNECTIVITY TERMINAL COMPANY LIMITED,0105532040175,False,98 Moo 3 Poochao Samingphrai Road,False,PHRA PRADAENG,Samut Prakan (TH),10130,Thailand,98 Moo 3 Poochao Samingphrai Road PHRA PRADAENG Samut Prakan (TH),,,,03,,,,Samut Prakan (TH)
1328,TRAFIGURTA PTE LTD,False,False,10 COLLYER QUAY #29-01/05	  OCEAN FIANCIAL CENTRE SINGAPORE	  TEL +86- 21 6091 6048,email: operation.singapore@pacorini.com,False,,False,Singapore,10 COLLYER QUAY #29-01/05	  OCEAN FIANCIAL CENTRE SINGAPORE	  TEL +86- 21 6091 6048 email: operation.singapore@pacorini.com,,,,,,,,
1329,TRUE MOVE H UNIVERSAL COMMUNICATION COMPANY LIMITED,0105553045044,False,18 Ratchadaphisek Road,True Tower,HUAI KHWANG,Bangkok (TH),10310,Thailand,18 Ratchadaphisek Road True Tower HUAI KHWANG Bangkok (TH),Ratchadaphisek Road True Tower,,,,,,,Bangkok (TH)
1333,RUAMPATTANAKIJ COMPANY LIMITED,0105555165497,False,"25 Soi Ram Intra 55/8, Ram Intra Road",False,BANG KHEN,Bangkok (TH),10220,Thailand,"25 Soi Ram Intra 55/8, Ram Intra Road BANG KHEN Bangkok (TH)",,,,,Ram,,,Bangkok (TH)
1334,บริษัท แสงเจริญ ฟาวน์ดรี (1987) จำกัด,False,False,23/3 หมู่ที่ 2 ซอยสุขาภิบาล 7  ถ.ปู่เจ้าสมิงพราย ต.สำโรง อ.พระประแดง จ.สมุทรปราการ 10130,False,False,,False,,23/3 หมู่ที่ 2 ซอยสุขาภิบาล 7  ถ.ปู่เจ้าสมิงพราย ต.สำโรง อ.พระประแดง จ.สมุทรปราการ 10130,,,,02,,สำโรง,พระประแดง,สมุทรปราการ
1335,บริษัท เอ็มซี อินดัสเทรียลเคมิคัล จำกัด MC INDUSTRIAL CHEMICAL COMPANY LIMITED,0105531006071,False,180-184 Rajawongse Road,False,SAMPHANTHAWONG,Bangkok (TH),10100,Thailand,180-184 Rajawongse Road SAMPHANTHAWONG Bangkok (TH),,,,,,,,Bangkok (TH)
1337,"TRR Autopart Co.,Ltd.",0745536001047,False,"30 Moo. 6, Rama 2 Road, Bang Khan Taek Subdistrict,",False,Mueang Samut Songkhram,Samut Songkhram (TH),75000,Thailand,"30 Moo. 6, Rama 2 Road, Bang Khan Taek Subdistrict, Mueang Samut Songkhram Samut Songkhram (TH)",,,,,,,,Samut Songkhram (TH)
1338,PHELPS DODGE INTERNATIONAL (THAILAND) COMPANY LIMITED,0105511002860,False,159 Moo 10 Thepharak Road,False,BANG PHLI,Samut Prakan (TH),10540,Thailand,159 Moo 10 Thepharak Road BANG PHLI Samut Prakan (TH),,,,10,,,,Samut Prakan (TH)
1346,"บริษัท​ ทีทีวี​ ​คอนกรีต​ จำกัด TTV CONCRETE CO.,LTD",0195545000193,False,29/1​หมู่6​ ตำบลพระทด​ ​อำเภอเสาไห้​ จังหวัดสระบุรี​,False,False,Saraburi (TH),18160,Thailand,29/1​หมู่6​ ตำบลพระทด​ ​อำเภอเสาไห้​ จังหวัดสระบุรี​ Saraburi (TH),,,,06,,พระทด​,เสาไห้​,สระบุรี​
1347,"บริษัท พรีเมียร์ อินดัสเตรียล ซัพพลาย จำกัด Premier Industrial Supply Co., Ltd",False,False,88/59 หมู่ 1 ตำบลลำผักกูด อำเภอธัญบุรี จังหวัดปทุมธานี 12110,False,False,,False,,88/59 หมู่ 1 ตำบลลำผักกูด อำเภอธัญบุรี จังหวัดปทุมธานี 12110,,,,01,,ลำผักกูด,ธัญบุรี,ปทุมธานี
1350,SIAM BAT ELECTRONIC LIMITED,0105562123427,False,701/29-35 Wong Sawang Road,False,BANG SUE,Bangkok (TH),10800,Thailand,701/29-35 Wong Sawang Road BANG SUE Bangkok (TH),,,,,,,,Bangkok (TH)
1352,บริษัท โทรคมนาคม จำกัด (มหาชน) NATIONAL TELECOM PUBLIC COMPANY LIMITED,0107564000014,False,99 Chaengwatthana Road,False,LAK SI,Bangkok (TH),10210,Thailand,99 Chaengwatthana Road LAK SI Bangkok (TH),,,,,,,,Bangkok (TH)
1356,SETTHEE MOTOR LIMITED PARTNERSHIP,0193539000011,False,23 Urairat Road,False,KAENG KHOI,Saraburi (TH),18110,Thailand,23 Urairat Road KAENG KHOI Saraburi (TH),,,,,,,,Saraburi (TH)
1357,BABE N BEYOND COMPANY LIMITED,0105564066986,False,24/27 Sukhaphiban 2 Road,False,PRAWET,Bangkok (TH),10250,Thailand,24/27 Sukhaphiban 2 Road PRAWET Bangkok (TH),,,,,,,,Bangkok (TH)
1359,หจก.พรเทวา,False,False,99/9 หมู่ 11 ต.พุแค อ.เฉลิมพระเกียรติ จ.สระบุรี 18240,False,False,,False,Thailand,99/9 หมู่ 11 ต.พุแค อ.เฉลิมพระเกียรติ จ.สระบุรี 18240,,,,11,,พุแค,เฉลิมพระเกียรติ,สระบุรี
1360,บริษัท บี-ควิก จำกัด,False,False,256 ชั้น 2 หมู่ 3 ตำบลบางขุนกอง อำเภอบางกรวย จังหวัดนนทบุรี 11130,False,False,,False,,256 ชั้น 2 หมู่ 3 ตำบลบางขุนกอง อำเภอบางกรวย จังหวัดนนทบุรี 11130,,2,,03,,บางขุนกอง,บางกรวย,นนทบุรี
1361,บริษัท เจแพท เอนจิเนียริ่ง แอนด์ เซอร์วิส จำกัด,False,False,143/1 หมู่ที่ 3 ตำบลดอนรวก อำเภอดอนตูม จังหวัดนครปฐม 73150,False,False,,False,Thailand,143/1 หมู่ที่ 3 ตำบลดอนรวก อำเภอดอนตูม จังหวัดนครปฐม 73150,,,,03,,ดอนรวก,ดอนตูม,นครปฐม
1362,NILCHAROEN ADVANCE SOLUTION TRADING COMPANY LIMITED,0105551082082,False,114/5 Moo 6,False,PHRA PRADAENG,Samut Prakan (TH),10130,Thailand,114/5 Moo 6 PHRA PRADAENG Samut Prakan (TH),,,,06,,,,Samut Prakan (TH)
1364,บริษัท โตชิบา เทค (ประเทศไทย) จำกัด TOSHIBA TEC (THAILAND) COMPANY LIMITED,0105547146144,False,43 Sathon Tai Road,16 Floor Thai - CC Tower,SATHORN,Bangkok (TH),10120,Thailand,43 Sathon Tai Road 16 Floor Thai - CC Tower SATHORN Bangkok (TH),CC Tower,,,,,,,Bangkok (TH)
1365,บริษัท กวินการ์เมนท์ จำกัด,0105561026941,False,144 ซ.สุนทร7 แขวงคลองบางบอน เขต บางบอน กรุงเทพมหานคร,False,False,Bangkok (TH),18110,Thailand,144 ซ.สุนทร7 แขวงคลองบางบอน เขต บางบอน กรุงเทพมหานคร Bangkok (TH),,,,,,คลองบางบอน,บางบอน,Bangkok (TH)
1367,หจก.ต.กิตติชัยการช่าง,0193543000411,False,195/3 ม.9 ต.บ้านป่า อ.แก่งคอย จ.สระบุรี,False,False,Saraburi (TH),18110,Thailand,195/3 ม.9 ต.บ้านป่า อ.แก่งคอย จ.สระบุรี Saraburi (TH),,,,09,,บ้านป่า,แก่งคอย,สระบุรี
1370,จำลอง การยาง,False,False,58 ม.2 ต.ตลิ่นชัน อ.เมืองสระบุรี จ.สระบุรี 18000,False,False,Saraburi (TH),18000,Thailand,58 ม.2 ต.ตลิ่นชัน อ.เมืองสระบุรี จ.สระบุรี 18000 Saraburi (TH),,,,02,,ตลิ่นชัน,เมืองสระบุรี,สระบุรี
1371,บริษัท ยูมิคอร์ (ประเทศไทย) จำกัด UMICORE (THAILAND) COMPANY LIMITED,0105537075619,False,22 Soi Sukhaphiban 2 Soi 31,False,PRAWET,Bangkok (TH),10250,Thailand,22 Soi Sukhaphiban 2 Soi 31 PRAWET Bangkok (TH),,,,,Sukhaphiban 2,,,Bangkok (TH)
1374,สมศักดิ์ แอร์บ้าน,3199900184541,False,20/5 หมู่7 ตำบลห้วยทราย อำเภอหนองแค จังหวัดสระบุรี,False,False,Saraburi (TH),18230,Thailand,20/5 หมู่7 ตำบลห้วยทราย อำเภอหนองแค จังหวัดสระบุรี Saraburi (TH),,,,07,,ห้วยทราย,หนองแค,สระบุรี
1379,ร้านน่ำฮั้วเฟอร์นิเจอร์,3199800044446,False,239 ถ.สุดบรรทัด ต.แก่งคอย อ.แก่งคอย จ.สระบุรี,False,False,Saraburi (TH),18110,Thailand,239 ถ.สุดบรรทัด ต.แก่งคอย อ.แก่งคอย จ.สระบุรี Saraburi (TH),,,,,,แก่งคอย,แก่งคอย,สระบุรี
1381,บริษัท อาเสี่ย ทูลส์ จำกัด,False,False,20/30 หมู่ที่ 2 ตำบลคลองพระอุดร อำเภอลาดหลุมแก้ว จังหวัดปทุมธานี 12140,False,False,,False,,20/30 หมู่ที่ 2 ตำบลคลองพระอุดร อำเภอลาดหลุมแก้ว จังหวัดปทุมธานี 12140,,,,02,,คลองพระอุดร,ลาดหลุมแก้ว,ปทุมธานี
1382,UNITED GLOBE LOGISTICS (THAILAND) COMPANY LIMITED,0105551065501,False,21/13 Rama IX Road Soi Soonwijai,False,HUAI KHWANG,Bangkok (TH),10310,Thailand,21/13 Rama IX Road Soi Soonwijai HUAI KHWANG Bangkok (TH),,,,,Soonwijai,,,Bangkok (TH)
1388,CARBON RESOURCES PRIVATE LIMITED,AABCC6399N,False,"3rd Floor, 55B Mirza Ghalib Street, Near Westside,","Esplanade, Taltala,",Kolkata,West Bengal (IN),700016,India,"3rd Floor, 55B Mirza Ghalib Street, Near Westside, Esplanade, Taltala, Kolkata West Bengal (IN)",,,,,,,,West Bengal (IN)
1389,"W&W METAL TRADING CO., LIMITED",66183252-000,False,Rm C 9/F WINNING HSE,72-74 WING LOK ST,Sheung Wan,Hong Kong Island (HK),False,Hong Kong,Rm C 9/F WINNING HSE 72-74 WING LOK ST Sheung Wan Hong Kong Island (HK),,,,,,,,Hong Kong Island (HK)
1390,"Luanchuan County Hengkai Metallurgy Material Sales Co., Ltd.",91410324399964265T,False,"Junshan Road, Chengguan Town, Luanchuan County",False,Luoyang,,471500,China,"Junshan Road, Chengguan Town, Luanchuan County Luoyang",,,,,,,,
1391,การท่าเรือแห่งประเทศไทย PORT AUTHORITY OF THAILAND,False,False,444 Tarua Road,False,KHLONG TOEI,Bangkok (TH),10110,Thailand,444 Tarua Road KHLONG TOEI Bangkok (TH),,,,,,,,Bangkok (TH)
1392,SIAM DEPOT TRANSPORT AND SERVICES COMPANY LIMITED,0105558075367,False,24/3 Moo 13 King Kaeo Road,False,BANG PHLI,Samut Prakan (TH),10540,Thailand,24/3 Moo 13 King Kaeo Road BANG PHLI Samut Prakan (TH),,,,13,,,,Samut Prakan (TH)
1394,POWERVAULT (THAILAND) COMPANY LIMITED,0105561040684,False,407 Moo 2,False,MUEANG SAMUT PRAKAN,Samut Prakan (TH),10270,Thailand,407 Moo 2 MUEANG SAMUT PRAKAN Samut Prakan (TH),,,,02,,,,Samut Prakan (TH)
1397,KCTC THAI LOGISTICS COMPANY LIMITED,0105560206341,False,180/8 Moo 9,False,SI RACHA,,20110,Thailand,180/8 Moo 9 SI RACHA,,,,09,,,,
1403,Meaw,0105548127011,False,"199/1-3 Moo 1 Saeng chuto Road, Tambol Wangdong","Amphoe Mueng,",False,Kanchanaburi (TH),71190,Thailand,"199/1-3 Moo 1 Saeng chuto Road, Tambol Wangdong Amphoe Mueng, Kanchanaburi (TH)",,,,01,,,,Kanchanaburi (TH)
1430,บริษัท บิ๊กแบ็ก โพลีแซค เซ็นเตอร์ เซอร์วิส จำกัด,0115560005087,False,262/39 หมู่ 1 ตำบลปากคลองบางปลากด อำเภอพระสมุทรเจดีย์ จังหวัดสมุทรปราการ,False,False,,18110,,262/39 หมู่ 1 ตำบลปากคลองบางปลากด อำเภอพระสมุทรเจดีย์ จังหวัดสมุทรปราการ,,,,01,,ปากคลองบางปลากด,พระสมุทรเจดีย์,สมุทรปราการ
1431,ร้านเค คาร์ แคร์,False,False,273/14 ถนนเทศบาล4 ตำกบลปากเพรียว อำเภอเมือง จังหวัดสระบุรี 18000,False,False,,False,,273/14 ถนนเทศบาล4 ตำกบลปากเพรียว อำเภอเมือง จังหวัดสระบุรี 18000,,,,,,,เมือง,สระบุรี
1437,สถาบันวิจัยวิทยาศาสตร์และเทคโนโลยีแห้งประเทศไทย (วว.),0994000165617,False,35 หมู่ 3 ต.คลองห้า อ.คลองหลวง จ.ปทุมธานี 12120,False,False,,False,,35 หมู่ 3 ต.คลองห้า อ.คลองหลวง จ.ปทุมธานี 12120,,,,03,,คลองห้า,คลองหลวง,ปทุมธานี
1439,หจก.พันวา อินเตอร์ ซัพพลาย Panwa Inter Supply Ltd.Part,0103552023223,False,40/415 ซ.รามคำแหง 58/3 แขวงหัวหมาก เขตบางกะปิ กรุงเทพมหนคร,False,False,Bangkok (TH),10240,Thailand,40/415 ซ.รามคำแหง 58/3 แขวงหัวหมาก เขตบางกะปิ กรุงเทพมหนคร Bangkok (TH),,,,,,หัวหมาก,บางกะปิ,Bangkok (TH)
1443,บริษัท ดีอาร์ เอนเนอร์ยี่ จำกัด (PT),0195566003639,False,69/1 หมู่ที่ 11 ตำบลบ้านป่า อำเภอแก่งคอย จังหวัดสระบุรี18110,False,False,,False,,69/1 หมู่ที่ 11 ตำบลบ้านป่า อำเภอแก่งคอย จังหวัดสระบุรี18110,,,,11,,บ้านป่า,แก่งคอย,สระบุรี
1445,KONECRANES MATERIAL HANDLING (THAILAND) LIMITED,0105517000907,False,"64 Moo2,Asia-Nakhonsawan Road KM59-60,Ban Po Sub-district,Bang Pa-in District,Phra Nakon Si Ayutthaya",False,BANG PA-IN,Phra Nakhon Si Ayutthaya (TH),13160,Thailand,"64 Moo2,Asia-Nakhonsawan Road KM59-60,Ban Po Sub-district,Bang Pa-in District,Phra Nakon Si Ayutthaya BANG PA-IN Phra Nakhon Si Ayutthaya (TH)",,,,02,,,in,Phra Nakhon Si Ayutthaya (TH)
1450,บริษัท รุ่งเรือง นั่งร้าน แบบเหล็ก จำกัด (สำนักงานใหญ่),0135561019936,False,40 หมู่ที่ 16 ตำบลบึงทองหลาง อำเภอลำลูกกา จังหวัดปทุมธานี 12150,False,False,,False,,40 หมู่ที่ 16 ตำบลบึงทองหลาง อำเภอลำลูกกา จังหวัดปทุมธานี 12150,,,,16,,บึงทองหลาง,ลำลูกกา,ปทุมธานี
1451,บริษัท เหลียงซิ อุตหกรรม(ประเทศไทย)จำกัด,0105530021017,False,1029 ถนนประชาพัฒนา แขวงทับยาวเขตลาดกระบัง กรุงเทพมหานคร,False,False,Bangkok (TH),10520,Thailand,1029 ถนนประชาพัฒนา แขวงทับยาวเขตลาดกระบัง กรุงเทพมหานคร Bangkok (TH),,,,,,ทับยาวเขตลาดกระบัง,ลาดกระบัง,Bangkok (TH)
1465,"EUROMACH CORPORATION CO.,LTD",False,False,75 หมู่ที่ 7 ตำบลสวนหลวง อำเภอกระทุ่มแบน จังหวัดสมุทรสาคร 74110,False,False,,False,,75 หมู่ที่ 7 ตำบลสวนหลวง อำเภอกระทุ่มแบน จังหวัดสมุทรสาคร 74110,,,,07,,สวนหลวง,กระทุ่มแบน,สมุทรสาคร
1469,"บริษัท โปรเฟสชั่นแนล พีเอบีเอ็กซ์ จำกัด Professional PABX Co., Ltd",0105560113459,False,30/270 ซอยนวมินทร์ 80,แขวงนวลจันทร์ เขตบึงกุ่ม กรุงเทพฯ,False,,False,,30/270 ซอยนวมินทร์ 80 แขวงนวลจันทร์ เขตบึงกุ่ม กรุงเทพฯ,,,,,,นวลจันทร์,บึงกุ่ม,
1478,บริษัท เคลฟเวอร์ริช จำกัด CLEVERICH COMPANY LIMITED,0105550092874,False,33 อาคารบ้านราชครู ชั้น 2 ห้อง 202 ซ.พหลโยธิน,แขวงพญาไทย เขตพญาไท กทม 10400,False,,False,,33 อาคารบ้านราชครู ชั้น 2 ห้อง 202 ซ.พหลโยธิน แขวงพญาไทย เขตพญาไท กทม 10400,บ้านราชครู ชั้น,2,202,10400,,พญาไทย,พญาไท,
1480,บริษัท ไทยรุ่งเรือง เพรสทีจ จำกัด,0195558001908,False,222 หมู่ 7 ถนนมิตรภาพ ตำบลทับกวาง อำเภอแก่งคอย จังหวัดสระบุรี,False,False,,18260,,222 หมู่ 7 ถนนมิตรภาพ ตำบลทับกวาง อำเภอแก่งคอย จังหวัดสระบุรี,,,,07,,ทับกวาง,แก่งคอย,สระบุรี
1492,ร้านปรีชาแอร์,3411000023266,False,33 หมู่ 7 ถนนสุดบรรทัด ตำบลตาลเดี่ยว อำเภอแก่งคอย จังหวัดสระบุรี,False,False,Saraburi (TH),18110,Thailand,33 หมู่ 7 ถนนสุดบรรทัด ตำบลตาลเดี่ยว อำเภอแก่งคอย จังหวัดสระบุรี Saraburi (TH),,,,07,,ตาลเดี่ยว,แก่งคอย,สระบุรี
1493,ร้านไพศาลเทคนิค,False,False,7/29  ตำบลหนองแค อำเภอหนองแค จังหวัดสระบุรี,False,False,,18140,,7/29  ตำบลหนองแค อำเภอหนองแค จังหวัดสระบุรี,,,,,,หนองแค,หนองแค,สระบุรี
1495,ภัสกร อิสสระชาติ,False,False,135 หมู่2 ตำบลทุ่งอรุณ อำเภอโชคชัย จังหวัดนครราชสีมา,False,False,,30190,,135 หมู่2 ตำบลทุ่งอรุณ อำเภอโชคชัย จังหวัดนครราชสีมา,,,,02,,ทุ่งอรุณ,โชคชัย,นครราชสีมา
1496,"บริษัท ที.เอส.เค ไดมอนด์ เร้นทัล จำกัด T.S.K Diamon Rental Co., Ltd.",010559011885,False,583 ถนนพระรามที่ 2 แขวงบางมด เขตจอมทอง กรุงเทพมหานคร,False,False,,10150,,583 ถนนพระรามที่ 2 แขวงบางมด เขตจอมทอง กรุงเทพมหานคร,,,,,,บางมด,จอมทอง,
1505,"Thai Energy Storage Technology Public Co.,Ltd.-Gateway",0107563000312,False,"260 Moo 7 Gateway City  Industry Estate,Huasamrong Subdistrict",False,Plaeng Yao District,,2419,Thailand,"260 Moo 7 Gateway City  Industry Estate,Huasamrong Subdistrict Plaeng Yao District",,,,07,,,Yao,
1526,ฟิน ฟิน ประดับยนต์,False,False,60 หมู่ 5 ถนนมิตรภาพ ตำบลตาลเดี่ยว อำเภอแก่งคอย จังหวัดสระบุรี,False,False,,18110,,60 หมู่ 5 ถนนมิตรภาพ ตำบลตาลเดี่ยว อำเภอแก่งคอย จังหวัดสระบุรี,,,,05,,ตาลเดี่ยว,แก่งคอย,สระบุรี
1527,KunWalika Dasuk,False,False,2/3 หมู่ที่2 ต.ห้วยแห้ง อ.แก่งคอย จ.สระบุรี,False,False,,False,,2/3 หมู่ที่2 ต.ห้วยแห้ง อ.แก่งคอย จ.สระบุรี,,,,02,,ห้วยแห้ง,แก่งคอย,สระบุรี
1528,มิตรภาพ,False,False,19 ถนนเลียบสันติสุข อำเภอแก่งคอย จังหวัดสระบุรี,False,False,,18110,,19 ถนนเลียบสันติสุข อำเภอแก่งคอย จังหวัดสระบุรี,,,,,,,แก่งคอย,สระบุรี
1532,บริษัท วงกลม จำกัด,0195567003560,False,เลขที่ 24 หมู่ที่ 9 ถนนพหลโยะิน ตำบลห้วยบง อำเภอเฉลิมพระเกียรติ จังหวัดสระบุรี,False,False,Saraburi (TH),18240,Thailand,เลขที่ 24 หมู่ที่ 9 ถนนพหลโยะิน ตำบลห้วยบง อำเภอเฉลิมพระเกียรติ จังหวัดสระบุรี Saraburi (TH),,,,09,,ห้วยบง,เฉลิมพระเกียรติ,สระบุรี
1533,RIVERBED PTE. LTD.,201132939C,False,420 NORTH BRIDGE ROAD #06-28,NORTH BRIDGE CENTRE,Singapore,,188727,Singapore,420 NORTH BRIDGE ROAD #06-28 NORTH BRIDGE CENTRE Singapore,,,,,,,,
1534,หจก.ช.ยน เจริญรุ่งเรือง การช่าง,0193566000051,False,119 หมู่ที่ 8 ตำบลสอนคอน อำเภอแก่งคอย จังหวัดสระบุรี 18110,False,False,Saraburi (TH),18110,Thailand,119 หมู่ที่ 8 ตำบลสอนคอน อำเภอแก่งคอย จังหวัดสระบุรี 18110 Saraburi (TH),,,,08,,สอนคอน,แก่งคอย,สระบุรี
1535,สนั่น อรัญมิตร,False,False,103/266 ซอยเคหะร่มเกล้า แขวงคลองสองต้นนุ่น เขตลาดกระบัง กรุงเทพ.ฯ,False,False,,10520,,103/266 ซอยเคหะร่มเกล้า แขวงคลองสองต้นนุ่น เขตลาดกระบัง กรุงเทพ.ฯ,,,,,,คลองสองต้นนุ่น,ลาดกระบัง,
1543,หจก.เศรษฐีมอเตอร์,0193539000011,False,"23,25ถนนอุไรรัตน์ ตำบลแก่งคอย อำเภอแก่งคอย จังหวัดสระบุรี",False,False,Saraburi (TH),18110,Thailand,"23,25ถนนอุไรรัตน์ ตำบลแก่งคอย อำเภอแก่งคอย จังหวัดสระบุรี Saraburi (TH)",,,,,,แก่งคอย,แก่งคอย,สระบุรี
1549,ห้างหุ้นส่วนจำกัด เฮียไก่แบบเหล็กให้เช่า,0133567003576,False,44/399 หมู่ที่ 15 ตำบลคลองสี่ อำเภอคลองหลวง จังหวัดปทุมธานี,False,False,,12120,,44/399 หมู่ที่ 15 ตำบลคลองสี่ อำเภอคลองหลวง จังหวัดปทุมธานี,,,,15,,คลองสี่,คลองหลวง,ปทุมธานี
1552,"บริษัท โคกุ อินดัสทรีส์ จำกัด KOGU Industries Co.,Ltd",0115564000314,False,64/310 หมู่ 1 ตำบลราชาเทวะ อำเภอบางพลี จังหวัด สมุทรปราการ,False,False,Samutprakarn (TH),10540,Thailand,64/310 หมู่ 1 ตำบลราชาเทวะ อำเภอบางพลี จังหวัด สมุทรปราการ Samutprakarn (TH),,,,01,,ราชาเทวะ,บางพลี,สมุทรปราการ
1553,"Thai KBS Battery Co.,Ltd. บริษัท ไทย เคบีเอส แบตเตอรี่ จำกัด",False,False,"212 Moo.3,Nongbuasala,Muang,Nakhohnratchasima 30000",False,False,,False,,"212 Moo.3,Nongbuasala,Muang,Nakhohnratchasima 30000",,,,,,,,
1554,บริษัท ไอพัชส์ (ประเทศไทย) จำกัด,0115559025657,False,190/30 หมู่ 5 ตำบลแพรกษา อำเภอเมือง จังหวัดสมุทรปราการ,False,False,,10280,,190/30 หมู่ 5 ตำบลแพรกษา อำเภอเมือง จังหวัดสมุทรปราการ,,,,05,,แพรกษา,เมือง,สมุทรปราการ
1579,บริษัท ฉัตรวณีย์ จำกัด,0105553007258,False,9/9 ซอยบางนา-ตราด 19 แยก 4 แขวงบางนา เหนือเขตบางนา กรุงเทพมหานคร,False,False,Bangkok (TH),10260,Thailand,9/9 ซอยบางนา-ตราด 19 แยก 4 แขวงบางนา เหนือเขตบางนา กรุงเทพมหานคร Bangkok (TH),,,,,,บางนา,บางนา,Bangkok (TH)
